epoch,time,train/box_loss,train/cls_loss,train/dfl_loss,metrics/precision(B),metrics/recall(B),metrics/mAP50(B),metrics/mAP50-95(B),val/box_loss,val/cls_loss,val/dfl_loss,lr/pg0,lr/pg1,lr/pg2
1,5.44091,1.53635,3.14575,0.9543,0.00324,0.97059,0.01533,0.00634,1.09961,3.91364,0.88906,0.000653595,0.000653595,0.000653595
2,8.79859,1.33404,1.74987,0.91898,0.83988,0.26471,0.51235,0.32397,1.34851,3.39937,1.14961,0.00130719,0.00130719,0.00130719
3,12.1488,1.35548,1.46164,0.9421,0.69199,0.92523,0.832,0.43065,1.32348,1.9297,1.00937,0.00194759,0.00194759,0.00194759
4,15.468,1.38079,1.23996,0.96418,0.70692,0.94118,0.79558,0.51957,1.13552,3.07863,0.99084,0.0019406,0.0019406,0.0019406
5,18.7664,1.25321,1.01336,0.93016,0.83113,0.97059,0.86562,0.56553,1.41617,1.52885,1.14899,0.0019208,0.0019208,0.0019208
6,22.0616,1.26014,0.87157,0.95514,0.99445,0.76471,0.86449,0.61983,1.10629,1.19688,1.11486,0.001901,0.001901,0.001901
7,25.3842,1.14853,0.79756,0.91387,0.91675,1,0.95899,0.69651,0.93973,0.95257,0.98576,0.0018812,0.0018812,0.0018812
8,28.6972,1.12411,0.73437,0.89014,0.97132,0.99625,0.99271,0.62815,1.01667,0.83351,1.106,0.0018614,0.0018614,0.0018614
9,31.9732,1.10176,0.69781,0.90489,0.97066,0.97059,0.99389,0.74719,1.21224,0.89256,1.05122,0.0018416,0.0018416,0.0018416
10,35.2714,1.04677,0.65227,0.88788,0.96948,0.9344,0.98505,0.71725,1.06653,0.85006,1.06514,0.0018218,0.0018218,0.0018218
11,38.5674,1.0883,0.64351,0.87916,0.93261,1,0.9904,0.75692,0.87368,0.71623,1.03662,0.001802,0.001802,0.001802
12,41.8737,1.03018,0.65364,0.86782,0.99178,0.97059,0.992,0.75021,0.88916,0.73325,1.01514,0.0017822,0.0017822,0.0017822
13,45.1693,0.99784,0.59721,0.87523,1,0.99355,0.995,0.76269,0.93513,0.66648,1.00019,0.0017624,0.0017624,0.0017624
14,48.4844,0.96184,0.59084,0.8641,1,0.99408,0.995,0.75624,1.03161,0.66591,1.08694,0.0017426,0.0017426,0.0017426
15,51.7832,0.98259,0.58438,0.87,0.99408,0.97059,0.99443,0.75252,1.0225,0.76638,0.90512,0.0017228,0.0017228,0.0017228
16,55.0772,0.95637,0.56748,0.85066,0.98855,1,0.995,0.74516,1.05438,0.61396,0.94741,0.001703,0.001703,0.001703
17,58.3745,0.90468,0.54889,0.86865,1,0.99467,0.995,0.78504,0.91584,0.64724,0.88419,0.0016832,0.0016832,0.0016832
18,61.6929,0.91104,0.54536,0.86284,0.96785,1,0.99271,0.79169,0.75606,0.62722,0.85095,0.0016634,0.0016634,0.0016634
19,65.0045,0.93369,0.52411,0.85122,0.96958,1,0.99357,0.76156,0.93603,0.68957,0.88698,0.0016436,0.0016436,0.0016436
20,68.3053,0.91046,0.52779,0.85431,0.9865,1,0.995,0.80659,0.78037,0.71438,0.86914,0.0016238,0.0016238,0.0016238
21,71.6113,0.87938,0.5185,0.84468,0.9692,1,0.99443,0.7602,0.88518,0.60592,0.94491,0.001604,0.001604,0.001604
22,74.8824,0.89805,0.531,0.86215,0.99705,1,0.995,0.80899,0.77461,0.59871,0.85181,0.0015842,0.0015842,0.0015842
23,78.1994,0.85909,0.51313,0.84917,0.9977,1,0.995,0.82101,0.90117,0.62285,0.84695,0.0015644,0.0015644,0.0015644
24,81.5523,0.84479,0.50614,0.83877,0.97021,1,0.995,0.80624,0.77767,0.58127,0.82207,0.0015446,0.0015446,0.0015446
25,84.845,0.88355,0.52954,0.83773,0.99597,1,0.995,0.77186,0.97704,0.72352,0.93738,0.0015248,0.0015248,0.0015248
26,88.1457,0.83448,0.48165,0.83505,1,0.99712,0.995,0.81365,0.79376,0.52117,0.85657,0.001505,0.001505,0.001505
27,91.451,0.79614,0.4847,0.84285,0.99724,1,0.995,0.78447,0.74663,0.52747,0.90819,0.0014852,0.0014852,0.0014852
28,94.75,0.83825,0.49773,0.82887,0.99803,1,0.995,0.82108,0.66193,0.57015,0.81844,0.0014654,0.0014654,0.0014654
29,98.0759,0.824,0.48474,0.8339,0.99675,1,0.995,0.80466,0.75452,0.57021,0.86252,0.0014456,0.0014456,0.0014456
30,101.365,0.8252,0.48325,0.83588,0.96769,1,0.99443,0.80461,0.85935,0.54831,0.86952,0.0014258,0.0014258,0.0014258
31,104.657,0.78504,0.46689,0.83328,0.99665,1,0.995,0.84196,0.71178,0.53881,0.84848,0.001406,0.001406,0.001406
32,107.996,0.768,0.46555,0.81895,1,0.99657,0.995,0.8089,0.8316,0.63898,0.85402,0.0013862,0.0013862,0.0013862
33,111.276,0.7587,0.46062,0.83784,1,0.99456,0.995,0.82918,0.85027,0.52775,0.89196,0.0013664,0.0013664,0.0013664
34,114.55,0.81166,0.47665,0.82764,0.9969,1,0.995,0.85436,0.66333,0.60245,0.88411,0.0013466,0.0013466,0.0013466
35,117.893,0.78909,0.47272,0.83675,0.99515,1,0.995,0.84036,0.74234,0.58541,0.8954,0.0013268,0.0013268,0.0013268
36,121.197,0.80782,0.46194,0.8343,0.99726,1,0.995,0.83418,0.69197,0.58604,0.81675,0.001307,0.001307,0.001307
37,124.482,0.78418,0.45184,0.82579,0.96704,1,0.99014,0.81083,0.76631,0.57604,0.85715,0.0012872,0.0012872,0.0012872
38,127.796,0.74541,0.44024,0.81342,0.99633,1,0.995,0.83761,0.67173,0.56636,0.80021,0.0012674,0.0012674,0.0012674
39,131.092,0.74969,0.43308,0.82533,0.99635,1,0.995,0.81401,0.69906,0.56299,0.80768,0.0012476,0.0012476,0.0012476
40,134.396,0.77989,0.44422,0.8163,1,0.99967,0.995,0.82335,0.73003,0.54551,0.80823,0.0012278,0.0012278,0.0012278
41,137.696,0.74317,0.43513,0.81708,0.99637,1,0.995,0.85448,0.66391,0.46424,0.82726,0.001208,0.001208,0.001208
42,141.023,0.70309,0.4187,0.80887,0.99795,1,0.995,0.86567,0.60898,0.5621,0.78717,0.0011882,0.0011882,0.0011882
43,144.337,0.70754,0.42923,0.80516,0.99787,1,0.995,0.84993,0.78539,0.57837,0.8347,0.0011684,0.0011684,0.0011684
44,147.657,0.7199,0.43096,0.81671,0.99822,1,0.995,0.87289,0.70012,0.46318,0.85034,0.0011486,0.0011486,0.0011486
45,150.973,0.72175,0.42509,0.80947,0.99334,1,0.995,0.80562,0.62566,0.45611,0.80159,0.0011288,0.0011288,0.0011288
46,154.271,0.73619,0.4234,0.80794,0.99658,1,0.995,0.83014,0.67962,0.4778,0.80001,0.001109,0.001109,0.001109
47,157.604,0.71822,0.42093,0.81045,0.99718,1,0.995,0.84256,0.72345,0.50553,0.84399,0.0010892,0.0010892,0.0010892
48,160.891,0.70336,0.42582,0.81534,0.99724,1,0.995,0.88535,0.70102,0.46363,0.81128,0.0010694,0.0010694,0.0010694
49,164.201,0.69183,0.41264,0.80422,0.99834,1,0.995,0.85589,0.61966,0.4589,0.78844,0.0010496,0.0010496,0.0010496
50,167.514,0.68136,0.41115,0.80609,0.99711,1,0.995,0.85893,0.61441,0.49015,0.79425,0.0010298,0.0010298,0.0010298
51,170.814,0.6669,0.40335,0.81468,0.99806,1,0.995,0.88181,0.56882,0.41521,0.80044,0.00101,0.00101,0.00101
52,174.138,0.69918,0.40661,0.80961,0.99809,1,0.995,0.84817,0.7012,0.48964,0.77415,0.0009902,0.0009902,0.0009902
53,177.435,0.69401,0.41085,0.81837,0.99808,1,0.995,0.84116,0.60745,0.37531,0.78378,0.0009704,0.0009704,0.0009704
54,180.744,0.67436,0.40246,0.80753,0.99804,1,0.995,0.85651,0.57957,0.45333,0.79763,0.0009506,0.0009506,0.0009506
55,184.089,0.64908,0.3869,0.80617,0.99568,1,0.995,0.86744,0.52392,0.40487,0.81253,0.0009308,0.0009308,0.0009308
56,187.391,0.66763,0.39492,0.79773,0.99811,1,0.995,0.86529,0.76871,0.43951,0.78709,0.000911,0.000911,0.000911
57,190.705,0.62197,0.38757,0.79895,0.99815,1,0.995,0.88098,0.59239,0.43847,0.79455,0.0008912,0.0008912,0.0008912
58,193.981,0.65921,0.38895,0.80127,0.99791,1,0.995,0.8531,0.73903,0.42981,0.77357,0.0008714,0.0008714,0.0008714
59,197.27,0.67379,0.38824,0.81106,0.99799,1,0.995,0.86688,0.72893,0.472,0.78637,0.0008516,0.0008516,0.0008516
60,200.571,0.65608,0.38769,0.79289,0.9981,1,0.995,0.85788,0.71346,0.42551,0.79417,0.0008318,0.0008318,0.0008318
61,203.876,0.65178,0.37631,0.80266,0.99838,1,0.995,0.89124,0.62515,0.43658,0.78878,0.000812,0.000812,0.000812
62,207.217,0.62685,0.37118,0.79109,0.99822,1,0.995,0.90036,0.52931,0.46104,0.78174,0.0007922,0.0007922,0.0007922
63,210.533,0.63102,0.37062,0.80708,0.99812,1,0.995,0.84471,0.59544,0.43504,0.77592,0.0007724,0.0007724,0.0007724
64,213.827,0.6265,0.36875,0.80344,0.99756,1,0.995,0.87475,0.6207,0.43271,0.78422,0.0007526,0.0007526,0.0007526
65,217.133,0.61528,0.36846,0.79824,0.99802,1,0.995,0.87869,0.56569,0.44065,0.75989,0.0007328,0.0007328,0.0007328
66,220.419,0.60314,0.35616,0.80861,0.99822,1,0.995,0.86795,0.59424,0.422,0.77417,0.000713,0.000713,0.000713
67,223.686,0.59962,0.36771,0.80279,0.99815,1,0.995,0.89577,0.58669,0.43042,0.77394,0.0006932,0.0006932,0.0006932
68,226.99,0.60467,0.36386,0.79764,0.99815,1,0.995,0.90467,0.49126,0.38407,0.77097,0.0006734,0.0006734,0.0006734
69,230.32,0.60636,0.36618,0.80334,0.99768,1,0.995,0.89454,0.48841,0.38749,0.76984,0.0006536,0.0006536,0.0006536
70,233.602,0.60224,0.36385,0.79601,0.99797,1,0.995,0.89339,0.52879,0.36884,0.77548,0.0006338,0.0006338,0.0006338
71,236.903,0.59862,0.35218,0.79422,0.99821,1,0.995,0.90283,0.55505,0.40746,0.76871,0.000614,0.000614,0.000614
72,240.189,0.59809,0.35469,0.79744,0.99786,1,0.995,0.88269,0.60535,0.38628,0.76506,0.0005942,0.0005942,0.0005942
73,243.509,0.58116,0.34956,0.79806,0.99801,1,0.995,0.9103,0.46501,0.38834,0.76472,0.0005744,0.0005744,0.0005744
74,246.808,0.57731,0.35208,0.79972,0.99823,1,0.995,0.90795,0.48849,0.39758,0.76156,0.0005546,0.0005546,0.0005546
75,250.108,0.57929,0.34558,0.7978,0.99825,1,0.995,0.90344,0.47764,0.40554,0.76596,0.0005348,0.0005348,0.0005348
76,253.418,0.61197,0.35887,0.79244,0.99824,1,0.995,0.8879,0.50079,0.42422,0.7686,0.000515,0.000515,0.000515
77,256.72,0.58203,0.35255,0.79039,0.99827,1,0.995,0.89995,0.55717,0.47054,0.77004,0.0004952,0.0004952,0.0004952
78,260.014,0.57221,0.34618,0.79097,0.99806,1,0.995,0.89956,0.48976,0.46854,0.76147,0.0004754,0.0004754,0.0004754
79,263.319,0.56185,0.34393,0.80056,0.99763,1,0.995,0.89606,0.55508,0.4875,0.77027,0.0004556,0.0004556,0.0004556
80,266.611,0.56334,0.3358,0.79151,0.9967,1,0.995,0.90111,0.52502,0.4559,0.76232,0.0004358,0.0004358,0.0004358
81,269.902,0.55778,0.33572,0.78695,0.99753,1,0.995,0.91548,0.43533,0.4133,0.76547,0.000416,0.000416,0.000416
82,273.219,0.54794,0.33194,0.78626,0.99806,1,0.995,0.91097,0.502,0.41557,0.76888,0.0003962,0.0003962,0.0003962
83,276.53,0.54637,0.33068,0.79698,0.99819,1,0.995,0.90864,0.4924,0.40205,0.76303,0.0003764,0.0003764,0.0003764
84,279.838,0.5537,0.33309,0.78406,0.99822,1,0.995,0.9113,0.51779,0.40339,0.76034,0.0003566,0.0003566,0.0003566
85,283.146,0.54631,0.33126,0.78833,0.99819,1,0.995,0.91074,0.42202,0.39792,0.76066,0.0003368,0.0003368,0.0003368
86,286.445,0.53605,0.32384,0.78667,0.99829,1,0.995,0.91572,0.38775,0.37664,0.75311,0.000317,0.000317,0.000317
87,289.772,0.54426,0.31948,0.79257,0.9981,1,0.995,0.9087,0.42839,0.37857,0.7589,0.0002972,0.0002972,0.0002972
88,293.06,0.52071,0.31787,0.78632,0.99817,1,0.995,0.93324,0.41957,0.35045,0.74648,0.0002774,0.0002774,0.0002774
89,296.382,0.523,0.3136,0.79853,0.99826,1,0.995,0.90859,0.43571,0.37363,0.75426,0.0002576,0.0002576,0.0002576
90,299.669,0.50685,0.31166,0.78852,0.99827,1,0.995,0.9038,0.46338,0.33663,0.75453,0.0002378,0.0002378,0.0002378
91,303.515,0.46052,0.2952,0.78554,0.99811,1,0.995,0.9132,0.39699,0.29787,0.74913,0.000218,0.000218,0.000218
92,306.806,0.44302,0.28443,0.77801,0.99792,1,0.995,0.92415,0.41874,0.32203,0.75185,0.0001982,0.0001982,0.0001982
93,310.085,0.44875,0.29171,0.78836,0.99815,1,0.995,0.91385,0.42645,0.34483,0.74779,0.0001784,0.0001784,0.0001784
94,313.346,0.44642,0.29337,0.77963,0.99772,1,0.995,0.90148,0.48902,0.35737,0.74738,0.0001586,0.0001586,0.0001586
95,316.606,0.43858,0.2864,0.78274,0.99793,1,0.995,0.90406,0.5099,0.35545,0.75455,0.0001388,0.0001388,0.0001388
96,319.866,0.42715,0.28342,0.77489,0.99806,1,0.995,0.91728,0.45009,0.35885,0.74383,0.000119,0.000119,0.000119
97,323.164,0.42729,0.27741,0.77872,0.99821,1,0.995,0.90772,0.36063,0.32292,0.74554,9.92e-05,9.92e-05,9.92e-05
98,326.43,0.43114,0.27888,0.78431,0.99825,1,0.995,0.92164,0.40876,0.30719,0.74456,7.94e-05,7.94e-05,7.94e-05
99,329.718,0.41669,0.27423,0.77721,0.99817,1,0.995,0.914,0.36188,0.30819,0.74027,5.96e-05,5.96e-05,5.96e-05
100,333.009,0.42243,0.27221,0.77993,0.99819,1,0.995,0.90374,0.41495,0.32122,0.74032,3.98e-05,3.98e-05,3.98e-05
